{"_step":16009,"val_dice":0.9695387482643127,"learning_rate":0.0001,"_runtime":22378,"_timestamp":1.766691240683486e+09,"_wandb":{"runtime":22378},"Visualization":{"captions":["Input","Prediction","GT"],"_type":"images/separated","width":1024,"height":1024,"format":"png","count":3,"filenames":["media/images/Visualization_16009_84d864d39cd66a2fc8bc.png","media/images/Visualization_16009_8e5de9ea7e1b1795ded5.png","media/images/Visualization_16009_694310262cee84c72c50.png"]},"epoch":50,"train_loss":0.08980749547481537,"val_loss":0.032574028335511686}